t_ms,fps,frame_ms,sync_ms,prepare_ms,render_ms,gpu_ms,draw_calls,draw_vertices,connector_count,note
365,0,5.375,0.003,0.035,1.202,0.000,0,0,100,step_start=100
628,0,18.202,0.004,0.027,0.575,0.000,0,0,100,
871,0,7.729,0.016,0.082,1.899,0.000,0,0,100,
1113,87,5.647,0.005,0.034,0.559,0.000,0,0,100,
1368,87,5.306,0.008,0.066,0.766,0.000,0,0,100,
1608,87,6.355,0.011,0.097,1.161,0.000,0,0,100,
1863,87,16.057,0.098,0.204,0.678,0.000,0,0,100,
2109,115,5.278,0.011,0.048,0.809,0.000,0,0,100,
2360,115,6.100,0.015,0.104,1.243,0.000,0,0,100,measure_start=100
2620,115,6.323,0.014,0.089,0.923,0.000,0,0,100,
2872,115,5.908,0.014,0.127,0.662,0.000,0,0,100,
3115,114,5.654,0.020,0.106,0.867,0.000,0,0,100,
3369,114,6.053,0.010,0.073,0.880,0.000,0,0,100,
3609,114,5.582,0.022,0.085,0.886,0.000,0,0,100,
3866,114,5.666,0.009,0.047,0.955,0.000,0,0,100,
4117,115,5.889,0.011,0.061,0.704,0.000,0,0,100,
4357,115,13.736,0.060,0.168,1.086,0.000,0,0,100,
4613,115,6.886,0.016,0.083,0.698,0.000,0,0,100,
4873,115,5.869,0.014,0.086,0.637,0.000,0,0,100,
5109,115,13.156,0.030,0.072,1.046,0.000,0,0,100,
5366,115,6.199,0.014,0.073,1.010,0.000,0,0,100,
5606,115,6.629,0.005,0.063,1.134,0.000,0,0,100,
5865,115,8.120,0.013,0.063,1.713,0.000,0,0,100,
6118,116,5.157,0.009,0.055,0.875,0.000,0,0,100,
6358,116,7.630,0.015,0.128,1.093,0.000,0,0,100,
6613,116,6.314,0.011,0.080,1.122,0.000,0,0,100,
6869,116,6.185,0.006,0.039,0.928,0.000,0,0,100,
7108,114,7.684,0.016,0.071,1.224,0.000,0,0,100,
7366,114,7.255,0.031,0.109,0.777,0.000,0,0,100,
7604,114,6.194,0.010,0.053,1.068,0.000,0,0,100,
7864,114,6.901,0.014,0.067,0.492,0.000,0,0,100,
8119,116,6.231,0.014,0.090,1.134,0.000,0,0,100,
8357,116,6.076,0.004,0.050,1.060,0.000,0,0,500,step_start=500
8617,116,4.834,0.008,0.086,0.621,0.000,0,0,500,
8856,116,10.574,0.111,0.163,0.606,0.000,0,0,500,
9109,115,15.044,0.173,0.152,1.026,0.000,0,0,500,
9369,115,5.809,0.012,0.067,0.579,0.000,0,0,500,
9608,115,8.756,0.011,0.073,2.170,0.000,0,0,500,
9865,115,7.217,0.132,0.193,1.217,0.000,0,0,500,
10121,115,5.740,0.017,0.094,0.545,0.000,0,0,500,
10356,115,6.569,0.007,0.074,0.850,0.000,0,0,500,measure_start=500
10613,115,7.603,0.009,0.068,1.181,0.000,0,0,500,
10868,115,8.527,0.014,0.088,1.044,0.000,0,0,500,
11110,114,7.467,0.005,0.040,0.959,0.000,0,0,500,
11365,114,5.417,0.007,0.052,0.513,0.000,0,0,500,
11604,114,7.335,0.006,0.032,0.944,0.000,0,0,500,
11862,114,5.029,0.003,0.048,0.485,0.000,0,0,500,
12118,117,6.247,0.012,0.085,1.012,0.000,0,0,500,
12358,117,6.345,0.008,0.093,1.224,0.000,0,0,500,
12613,117,7.419,0.022,0.135,0.662,0.000,0,0,500,
12869,117,5.931,0.007,0.061,0.960,0.000,0,0,500,
13107,116,15.107,0.149,0.179,1.456,0.000,0,0,500,
13364,116,6.213,0.018,0.078,1.049,0.000,0,0,500,
13613,116,6.549,0.011,0.071,1.240,0.000,0,0,500,
13864,116,7.674,0.006,0.118,0.985,0.000,0,0,500,
14121,115,6.251,0.010,0.064,1.095,0.000,0,0,500,
14357,115,8.126,0.007,0.062,0.591,0.000,0,0,500,
14613,115,7.640,0.013,0.065,1.186,0.000,0,0,500,
14874,115,10.992,0.133,0.197,1.377,0.000,0,0,500,
15112,116,5.610,0.009,0.061,0.495,0.000,0,0,500,
15362,116,4.787,0.009,0.068,0.612,0.000,0,0,500,
15603,116,7.006,0.128,0.152,0.660,0.000,0,0,500,
15862,116,6.631,0.021,0.126,1.343,0.000,0,0,500,
16116,115,7.497,0.011,0.077,1.039,0.000,0,0,500,
16357,115,5.243,0.018,0.105,1.244,0.000,0,0,500,
16610,115,4.709,0.004,0.036,0.869,0.000,0,0,1000,step_start=1000
16871,115,7.414,0.004,0.050,0.990,0.000,0,0,1000,
17108,113,6.112,0.008,0.046,0.970,0.000,0,0,1000,
17364,113,6.005,0.003,0.039,0.930,0.000,0,0,1000,
17603,113,6.793,0.061,0.078,0.923,0.000,0,0,1000,
17861,113,5.878,0.003,0.035,0.809,0.000,0,0,1000,
18120,115,5.847,0.008,0.078,0.647,0.000,0,0,1000,
18360,115,8.745,0.004,0.041,1.020,0.000,0,0,1000,
18617,115,5.046,0.005,0.048,0.990,0.000,0,0,1000,measure_start=1000
18866,115,7.051,0.003,0.047,1.936,0.000,0,0,1000,
19109,113,9.729,0.111,0.112,0.574,0.000,0,0,1000,
19365,113,8.654,0.005,0.040,2.307,0.000,0,0,1000,
19607,113,4.827,0.005,0.101,0.655,0.000,0,0,1000,
19859,113,5.059,0.005,0.057,0.591,0.000,0,0,1000,
20116,116,5.754,0.007,0.081,0.588,0.000,0,0,1000,
20356,116,6.737,0.020,0.135,1.541,0.000,0,0,1000,
20613,116,6.199,0.008,0.084,0.995,0.000,0,0,1000,
20869,116,5.782,0.007,0.074,0.968,0.000,0,0,1000,
21111,114,8.741,0.004,0.046,1.029,0.000,0,0,1000,
21364,114,4.900,0.003,0.062,0.569,0.000,0,0,1000,
21604,114,7.436,0.017,0.129,1.267,0.000,0,0,1000,
21860,114,6.084,0.004,0.047,0.985,0.000,0,0,1000,
22115,114,6.081,0.003,0.049,0.944,0.000,0,0,1000,
22360,114,5.029,0.006,0.059,1.039,0.000,0,0,1000,
22614,114,6.797,0.016,0.109,1.633,0.000,0,0,1000,
22869,114,6.058,0.006,0.076,0.970,0.000,0,0,1000,
23109,116,7.360,0.006,0.076,0.936,0.000,0,0,1000,
23365,116,10.660,0.117,0.137,0.965,0.000,0,0,1000,
23603,116,5.892,0.003,0.081,1.002,0.000,0,0,1000,
23859,116,7.666,0.005,0.057,1.309,0.000,0,0,1000,
24119,114,6.234,0.004,0.058,0.635,0.000,0,0,1000,
24361,114,7.134,0.007,0.066,0.602,0.000,0,0,1000,
24646,114,120.883,3.158,0.334,2.589,0.000,0,0,5000,step_start=5000
24864,114,15.620,0.512,0.309,1.180,0.000,0,0,5000,
25110,80,17.912,0.513,0.265,0.788,0.000,0,0,5000,
25367,80,12.663,0.593,0.293,1.163,0.000,0,0,5000,
25614,80,19.862,0.510,0.302,1.132,0.000,0,0,5000,
25877,80,19.114,0.557,0.285,1.091,0.000,0,0,5000,
26114,63,15.933,0.528,0.322,1.145,0.000,0,0,5000,
26375,63,12.037,0.514,0.285,1.173,0.000,0,0,5000,
26617,63,18.796,0.479,0.282,1.260,0.000,0,0,5000,measure_start=5000
26867,63,19.513,0.530,0.330,1.181,0.000,0,0,5000,
27111,62,22.035,0.563,0.272,3.383,0.000,0,0,5000,
27362,62,11.081,0.558,0.272,0.785,0.000,0,0,5000,
27627,62,21.128,0.465,0.272,1.183,0.000,0,0,5000,
27868,62,22.330,0.591,0.281,1.393,0.000,0,0,5000,
28113,63,19.354,0.571,0.282,1.136,0.000,0,0,5000,
28367,63,10.798,0.515,0.270,0.831,0.000,0,0,5000,
28614,63,18.443,0.453,0.268,1.160,0.000,0,0,5000,
28868,63,19.562,0.418,0.266,1.106,0.000,0,0,5000,
29121,63,20.379,0.609,0.301,1.155,0.000,0,0,5000,
29363,63,21.329,0.654,0.340,0.811,0.000,0,0,5000,
29614,63,11.125,0.466,0.296,1.099,0.000,0,0,5000,
29859,63,18.613,0.507,0.271,1.101,0.000,0,0,5000,
30117,62,12.013,0.536,0.267,0.843,0.000,0,0,5000,
30372,62,19.922,0.636,0.308,0.796,0.000,0,0,5000,
30647,62,54.296,2.165,0.889,1.521,0.000,0,0,5000,
30886,62,50.280,1.375,0.469,1.257,0.000,0,0,5000,
31126,38,29.937,1.791,1.662,1.544,0.000,0,0,5000,
31424,38,65.312,2.343,1.231,0.906,0.000,0,0,5000,
31624,38,25.433,1.583,0.569,1.382,0.000,0,0,5000,
31893,38,38.721,1.567,0.637,1.105,0.000,0,0,5000,
32140,21,23.769,1.583,0.924,1.548,0.000,0,0,5000,
32427,21,55.781,1.416,1.618,1.377,0.000,0,0,5000,
33350,21,66.091,2.019,2.013,1.416,0.000,0,0,10000,step_start=10000
33507,13,772.389,18.762,1.845,1.832,0.000,0,0,10000,
33735,13,94.287,3.059,2.432,1.232,0.000,0,0,10000,
33924,13,69.671,3.095,2.097,1.883,0.000,0,0,10000,
34172,9,66.832,2.217,0.943,1.409,0.000,0,0,10000,
34432,9,188.727,4.009,2.847,1.940,0.000,0,0,10000,
34662,9,74.786,3.428,2.037,1.858,0.000,0,0,10000,
35026,9,65.678,2.871,2.613,1.227,0.000,0,0,10000,
35245,11,89.963,4.132,2.428,1.983,0.000,0,0,10000,
35481,11,102.235,4.307,2.591,1.638,0.000,0,0,10000,measure_start=10000
35738,11,129.107,2.915,1.220,1.579,0.000,0,0,10000,
35939,11,61.453,3.122,1.497,1.826,0.000,0,0,10000,
36276,13,98.502,3.078,2.138,1.635,0.000,0,0,10000,
36479,13,76.331,4.724,1.741,2.107,0.000,0,0,10000,
36694,13,63.144,2.281,1.441,1.435,0.000,0,0,10000,
36947,13,58.914,3.282,1.802,1.698,0.000,0,0,10000,
37185,12,67.836,3.935,1.642,1.916,0.000,0,0,10000,
37479,12,80.450,4.395,2.697,1.792,0.000,0,0,10000,
37740,12,65.583,4.045,1.942,1.265,0.000,0,0,10000,
37931,12,61.601,3.542,1.354,1.156,0.000,0,0,10000,
38202,12,128.030,3.005,1.500,1.166,0.000,0,0,10000,
38446,12,80.951,4.071,1.801,1.890,0.000,0,0,10000,
38688,12,112.447,3.197,1.472,1.711,0.000,0,0,10000,
39018,12,63.308,3.303,1.116,1.986,0.000,0,0,10000,
39249,13,85.622,3.871,1.740,1.720,0.000,0,0,10000,
39474,13,93.965,2.447,1.249,2.297,0.000,0,0,10000,
39681,13,136.660,3.069,1.719,1.523,0.000,0,0,10000,
39913,13,72.121,3.235,1.112,1.042,0.000,0,0,10000,
40271,12,138.739,4.096,2.657,1.864,0.000,0,0,10000,
40445,12,89.321,5.756,1.676,1.802,0.000,0,0,10000,
40660,12,58.906,3.207,1.482,1.791,0.000,0,0,10000,
40934,12,128.843,3.051,1.290,1.934,0.000,0,0,10000,
41194,12,66.303,2.487,1.627,1.522,0.000,0,0,10000,
